card_number,card_security_code,card_valid_date,card_expiry_date,card_holder_name
4571806398394225,783,06/23,08/28,Jane Davis
4571331894190501,405,10/23,11/28,Jordan Smith
5216926363204966176,574,11/23,03/28,Pat Moore
4548504859737928162,391,01/23,09/28,Jane Moore
5173056761675097853,202,01/23,08/28,Chris Jones
375135959426360,8196,08/23,09/28,Sam Johnson
4571348782609038,006,10/23,02/28,Taylor Wilson
4571092235772082,503,10/23,11/28,Jamie Wilson
371782214254662,2641,10/23,10/28,Sam Smith
4571237617241370,199,06/23,05/28,Sam Smith
4385951568923757696,788,06/23,11/28,Taylor Wilson
4571596645715967,460,02/23,04/28,Sam Brown
4571027024376959,541,11/23,05/28,Jamie Smith
4011056803500318,162,06/23,08/28,Jamie Brown
4571736119296771,571,06/23,06/28,Jordan Davis
376730332117813,3199,11/23,02/28,Jane Williams
4571406469713748,810,02/23,11/28,Pat Smith
4773048305331559,171,10/23,04/28,Chris Johnson
4571230546759204,075,02/23,03/28,Morgan Johnson
5466571777178961617,508,07/23,01/28,Morgan Davis
5523365410444841,510,07/23,07/28,Chris Johnson
5329053970250400,362,08/23,01/28,Chris Jones
4571208045712082,735,11/23,10/28,Jane Johnson
4906989825163862,162,10/23,07/28,Jane Jones
4571567145414523,391,04/23,01/28,Sam Williams
4571316317572136,151,04/23,10/28,Jordan Jones
4571087045710871,556,06/23,03/28,Taylor Brown
4571315445713155,961,07/23,10/28,John Smith
4571259145793558,494,10/23,10/28,Morgan Brown
377783031439931,4931,10/23,10/28,Jordan Smith
4571255081597661,152,08/23,05/28,Chris Brown
4972059773601739,234,01/23,07/28,Pat Johnson
5448839883972628859,822,07/23,11/28,Sam Taylor
5410653037164218,294,02/23,05/28,Jordan Brown
4571724045717242,515,08/23,11/28,John Miller
4943404896122258899,789,09/23,06/28,John Williams
4897844580715947002,738,08/23,09/28,Jane Brown
4571214550778814,960,02/23,10/28,Taylor Davis
4571334712351946,399,06/23,01/28,John Taylor
4571081920103142,613,05/23,08/28,Pat Brown
4916507109168688,631,02/23,04/28,Morgan Jones
4571986596066332,321,06/23,11/28,Morgan Miller
4571958544401928,339,09/23,06/28,Jordan Wilson
4571288445712885,719,06/23,11/28,Chris Smith
4571956271387641,648,04/23,02/28,Jane Johnson
5521143866425488,810,02/23,10/28,Jane Brown
4571360057538143,153,03/23,09/28,Jane Moore
4389545957345501130,098,06/23,11/28,Jane Williams
4571973345719736,865,09/23,07/28,Sam Wilson
4571064401145877,261,11/23,01/28,Pat Smith
4571962102833303,039,01/23,05/28,John Jones
4017958523251190,427,04/23,02/28,Pat Davis
4571988835999806,622,10/23,04/28,Sam Davis
4571938821547346,340,03/23,04/28,Pat Wilson
376451105797817,4105,06/23,11/28,Jane Davis
4544976877764440,933,10/23,07/28,Morgan Williams
4571225608465198,471,01/23,06/28,John Jones
4334604226411150,530,03/23,08/28,Jane Davis
5404043830535478532,536,10/23,04/28,Jamie Brown
4571081781499830,678,02/23,06/28,John Moore
4571725365697879,403,10/23,08/28,Chris Jones
5312007804454694,306,10/23,02/28,Jamie Taylor
65952446748958,740,11/23,01/28,Alex Wilson
4450049062304908,224,04/23,02/28,Jamie Taylor
4482751949017991526,036,04/23,04/28,Jane Brown
4893916106771350902,520,01/23,10/28,Alex Smith
4053452490812064,988,09/23,09/28,Pat Davis
4571928299428065,246,06/23,07/28,Jane Wilson
5443680211088776,831,08/23,01/28,John Williams
5466380284043575519,666,01/23,07/28,Pat Taylor
4571782145717822,590,10/23,07/28,Taylor Miller
4571078753382534,881,09/23,02/28,Jamie Davis
4422184576512987,067,02/23,07/28,Sam Smith
5434354139609583,302,05/23,01/28,Jane Moore
5559877953538790,563,09/23,01/28,Jane Moore
4571249045712492,003,06/23,09/28,Jane Davis
4571212064660497,676,01/23,03/28,Jane Williams
4916890405332667844,265,01/23,01/28,Jamie Jones
4571418810676489,999,06/23,09/28,Chris Davis
5407315998013239,434,02/23,10/28,Jordan Moore
4571937854090655,955,05/23,03/28,Taylor Johnson
4147213261042962,091,10/23,04/28,Jamie Smith
5407364291091134725,648,08/23,04/28,John Taylor
4571210779814835,581,07/23,01/28,Alex Jones
4506443943809950,581,06/23,05/28,Pat Jones
4571005980130603,497,02/23,05/28,Pat Moore
4571205307739937,947,02/23,10/28,Sam Johnson
4571340460719986,027,01/23,01/28,Jane Jones
4571307363356196,581,05/23,09/28,John Brown
4571028077835945,892,10/23,08/28,Pat Jones
5329127636406090,525,09/23,05/28,Jane Taylor
4571713045717131,593,08/23,01/28,Pat Johnson
4916486721731495,105,01/23,07/28,Alex Moore
4571972545719727,980,02/23,04/28,Alex Wilson
379616385430791,1372,05/23,05/28,Alex Johnson
373278058897838,4529,06/23,09/28,John Moore
4426957158983307180,097,06/23,07/28,Jamie Moore
4571056260189265,686,07/23,04/28,Sam Taylor
5131656637418716,653,06/23,04/28,Taylor Taylor
5146852980330119,224,11/23,01/28,John Davis
4346917467129534370,007,07/23,10/28,Taylor Smith
4571958832333766,437,10/23,03/28,Sam Williams
5341262937610599,769,06/23,09/28,Jane Smith
4571192415322747,867,02/23,04/28,Jamie Wilson
4373032564463758009,345,08/23,10/28,Morgan Jones
4149491302415275818,258,01/23,09/28,Taylor Williams
4571332681883478,738,08/23,11/28,Chris Moore
5515716635966031684,387,01/23,11/28,Taylor Williams
5514781499946005109,136,06/23,07/28,Sam Wilson
4571276014630852,512,10/23,10/28,John Williams
5324739322180161435,655,10/23,08/28,Chris Johnson
5443132741477889940,752,01/23,10/28,Chris Jones
4571392115338932,819,07/23,08/28,Pat Smith
4630669813117523,530,09/23,04/28,John Brown
5266231443914339771,685,11/23,01/28,Alex Miller
4571983974038543,004,09/23,06/28,Morgan Davis
5179425479947861,728,01/23,05/28,Jamie Johnson
4571090613929440,915,06/23,09/28,John Wilson
4571201006185482,657,02/23,02/28,Sam Moore
4462388111390514339,190,09/23,04/28,Chris Wilson
4571236031187839,268,09/23,06/28,Morgan Johnson
5514235293835912260,080,11/23,08/28,Morgan Miller
4888942390387503,665,07/23,01/28,Chris Taylor
4571935621360491,271,11/23,11/28,John Johnson
4571442665039370,507,11/23,08/28,Chris Brown
4571765052118061,406,08/23,06/28,Morgan Johnson
4558174329190102287,325,06/23,11/28,Taylor Wilson
4465684511391852,018,01/23,03/28,Pat Jones
4506775453858492068,905,04/23,11/28,Pat Moore
5337063391337385,330,03/23,02/28,Jordan Brown
4571757090267218,029,06/23,11/28,Jane Johnson
4571988150539793,765,09/23,11/28,Sam Miller
5108406860770273938,265,06/23,11/28,Jordan Wilson
4571753045717531,180,11/23,06/28,Jordan Williams
4571717545717176,854,05/23,01/28,Jane Moore
4571089951652982,135,05/23,08/28,Taylor Brown
5324732516826631,673,02/23,04/28,Jamie Smith
5470920722124307757,393,03/23,03/28,Jordan Brown
4571904465540108,305,05/23,03/28,Chris Jones
4571502406247917,140,05/23,11/28,Alex Davis
4060417698070313325,579,04/23,01/28,Taylor Brown
4571402053500109,256,05/23,06/28,Alex Williams
4190023675876510,846,05/23,10/28,Taylor Jones
4224009840055500,604,10/23,02/28,Pat Wilson
4571192931704310,603,04/23,03/28,Sam Wilson
4571931645719326,284,08/23,05/28,Pat Brown
5112380548998995,311,02/23,11/28,Chris Johnson
4571054717086552,187,07/23,06/28,Jane Davis
4571226120169319,329,06/23,11/28,Taylor Wilson
4135722742179170,985,07/23,01/28,Pat Moore
4571266272459150,370,04/23,07/28,John Johnson
4571339112906597,848,08/23,09/28,Taylor Williams
4289990065333126569,422,04/23,09/28,Taylor Brown
4447987289193070529,512,03/23,04/28,Taylor Smith
4571089738383034,438,07/23,03/28,Pat Williams
4782005035465631,573,10/23,03/28,Jane Johnson
4412763042593502,414,08/23,11/28,Chris Taylor
4190027178448341699,789,03/23,09/28,Chris Jones
5140041008391192988,172,09/23,10/28,Taylor Miller
376740491181373,8887,08/23,05/28,Alex Jones
4571297545712978,037,09/23,04/28,Jane Jones
4255998004805323,348,10/23,03/28,John Moore
4403189232857917222,714,07/23,10/28,Alex Jones
4571356845713569,644,10/23,04/28,Jamie Brown
4571651082126680,526,06/23,04/28,Sam Jones
4571972976783703,922,04/23,03/28,Chris Wilson
4571765354219649,639,01/23,03/28,Jordan Jones
4408435166053833944,687,03/23,06/28,Jane Williams
4411059093049676,013,02/23,11/28,Sam Moore
5221303088760080345,424,05/23,04/28,Alex Taylor
4824252286500000733,607,10/23,06/28,Chris Smith
4935320341791136685,748,08/23,08/28,Jordan Davis
4571713045717131,048,04/23,01/28,John Miller
4273601587462861451,803,10/23,08/28,Morgan Davis
372583172092406,6057,03/23,08/28,Sam Jones
4571744332107671,405,06/23,05/28,Pat Miller
4571250403805315,987,06/23,08/28,Sam Miller
4540754960005307839,456,09/23,03/28,Morgan Williams
5143093133947167,395,04/23,02/28,Alex Taylor
4571339066508908,289,03/23,08/28,John Williams
4539047101141898,527,03/23,09/28,Chris Smith
4761649226813971532,332,10/23,11/28,Jamie Johnson
4571225722372460,390,09/23,04/28,John Taylor
4571170145711703,668,04/23,01/28,Jordan Johnson
4553582490553059654,563,11/23,05/28,Alex Smith
4571588151026054,499,02/23,06/28,Taylor Jones
4571054764363175,673,10/23,05/28,Morgan Brown
4571764997070948,963,08/23,09/28,Jordan Taylor
4751285859979554595,754,05/23,08/28,Taylor Brown
4571611945716130,603,05/23,03/28,Jordan Taylor
5448835492379797658,160,05/23,04/28,Taylor Jones
4357602392247011,440,04/23,07/28,Morgan Miller
5419716265024396,884,07/23,10/28,Jordan Taylor
4571461992501226,960,05/23,03/28,Sam Taylor
4143141613295469475,349,11/23,08/28,Jane Johnson
4571472086666132,836,05/23,08/28,Sam Davis
4571264821710633,358,04/23,05/28,Jamie Wilson
4571012952921900,027,01/23,02/28,John Jones
4485007315338503135,422,06/23,08/28,Pat Wilson
4571092451432852,535,09/23,09/28,Morgan Williams
4571210551294946,997,01/23,09/28,Morgan Moore
4571802042887557,904,04/23,10/28,John Miller
4571222845712229,409,01/23,10/28,Chris Williams
5301272285413980356,147,11/23,08/28,John Wilson
4716408627282301,543,04/23,10/28,Chris Davis
4761536704845721224,334,10/23,06/28,Jordan Wilson
4072209492070493781,883,07/23,01/28,Alex Moore
4934949727040230950,911,04/23,02/28,Alex Johnson
4385063350173475921,453,04/23,02/28,Morgan Johnson
5280528428681641,259,08/23,02/28,Chris Brown
4444494160043497,297,10/23,02/28,Morgan Brown
4571448089815419,742,11/23,06/28,Jane Wilson
4510132659646004121,183,05/23,02/28,Chris Miller
4571071240499984,593,04/23,08/28,Sam Taylor
5399743728773702141,338,04/23,11/28,Jamie Smith
4661887111466189,073,06/23,08/28,John Smith
4571740545717407,777,01/23,03/28,Morgan Miller
4571203896568791,014,03/23,11/28,Alex Taylor
4571370582990155,159,09/23,08/28,Jamie Brown
4571571455970204,862,11/23,03/28,Sam Miller
4571152045908306,454,11/23,09/28,Sam Smith
376659623614262,3613,09/23,01/28,Taylor Moore
4571142934603196,802,05/23,08/28,Jane Johnson
375699131142111,0479,10/23,06/28,Taylor Smith
4571919009154441,381,08/23,02/28,Morgan Taylor
4571722079864347,442,03/23,04/28,Alex Jones
4359837864769207,741,10/23,10/28,Morgan Davis
4571276039278752,223,01/23,06/28,Sam Wilson
4571019483931840,554,03/23,11/28,Jamie Brown
4571807925566642,660,05/23,09/28,Jamie Jones
4630668814290013,660,06/23,05/28,John Smith
4564917192925930,982,02/23,01/28,Jane Wilson
5526156170191315541,505,07/23,08/28,Jordan Wilson
4653558323701619958,357,02/23,07/28,Pat Davis
4571586458565113,162,08/23,05/28,Morgan Wilson
4571580449314747,470,04/23,11/28,Chris Wilson
4571089463363096,624,02/23,08/28,Alex Smith
4571283599270388,373,11/23,09/28,Taylor Miller
4073035115343864228,563,07/23,08/28,Jordan Miller
4571931562927229,221,05/23,06/28,Sam Moore
4432443107500993493,116,09/23,07/28,Morgan Johnson
5209150140956458533,518,02/23,05/28,Jordan Miller
4571403387290295,132,02/23,05/28,Taylor Johnson
4418116391498475592,048,04/23,05/28,Jamie Moore
5520407807871238,750,10/23,02/28,John Brown
4571773712182338,479,11/23,11/28,Jordan Smith
5523569911898180044,826,08/23,05/28,Pat Jones
4352728529836446516,825,10/23,10/28,Jordan Smith
4571016702025969,676,02/23,01/28,Sam Williams
4516503952798511,513,02/23,05/28,Chris Davis
4571320130723437,265,09/23,07/28,Alex Brown
4571436310600905,806,04/23,10/28,John Taylor
4556892568817135973,013,05/23,02/28,Alex Moore
4571356845713569,845,02/23,06/28,Jamie Moore
4106874735435445,337,09/23,10/28,Jordan Davis
5557813386298581995,952,01/23,07/28,Taylor Smith
4571399394950702,046,08/23,03/28,Jordan Smith
5472191299682021,970,10/23,09/28,Pat Moore
4555042272455505,652,02/23,11/28,Jane Brown
4571568341349424,567,01/23,02/28,Alex Smith
4581276935695746,055,03/23,09/28,Jamie Taylor
375415976837295,2939,08/23,09/28,Jamie Wilson
5204167667157393,956,03/23,05/28,Jordan Davis
4571949309793064,916,02/23,06/28,Jordan Smith
4571277794693408,633,08/23,02/28,Sam Brown
5150698849344565611,343,08/23,01/28,Sam Wilson
4291647600055742,242,05/23,11/28,Jane Smith
4500039368881073478,407,09/23,05/28,Jamie Brown
374629359990875,4852,01/23,01/28,Alex Johnson
4564438921279981489,177,11/23,09/28,Chris Davis
4571930495276366,842,09/23,11/28,John Taylor
4571317730013945,365,10/23,01/28,Morgan Miller
4571809045718091,093,07/23,06/28,John Johnson
4571076237726718,888,02/23,04/28,Jane Jones
4282401288682032,544,10/23,09/28,Jane Johnson
4630669872883256244,684,09/23,01/28,Taylor Moore
4571080900589880,680,03/23,08/28,Pat Davis
4571321214469788,952,03/23,01/28,John Wilson
5100218978286760052,090,11/23,10/28,John Williams
4571377546321842,520,06/23,03/28,Taylor Johnson
4571704365719405,346,04/23,05/28,Taylor Jones
5267410555621523289,654,09/23,07/28,Sam Wilson
6516215194054661,563,06/23,02/28,Morgan Davis
4571074538685292,291,10/23,05/28,Sam Taylor
4571336119447496,143,06/23,10/28,John Smith
4571234330180981,063,10/23,11/28,John Williams
5498803681743380131,047,10/23,09/28,Jordan Brown
4425216049393103364,122,07/23,03/28,Pat Jones
5588607251239499996,608,07/23,11/28,Pat Wilson
4571348945713490,459,05/23,11/28,Jordan Smith
4571597945715980,927,02/23,06/28,John Williams
5567097004963439724,774,05/23,03/28,Sam Williams
4571960645230243,046,04/23,09/28,John Taylor
4555071645726014430,227,06/23,07/28,Chris Davis
4509038311901328,970,08/23,09/28,Sam Wilson
5307722270761365,572,05/23,11/28,Jamie Miller
4571941645719417,952,08/23,01/28,Jane Johnson
4778577211451615464,136,03/23,10/28,Sam Johnson
4865606417114775148,009,02/23,02/28,Sam Smith
4571234399498710,813,08/23,05/28,Sam Johnson
4571558049415483,760,02/23,10/28,Taylor Moore
4571297337331681,106,07/23,03/28,Sam Davis
4064984984786853,677,03/23,05/28,Pat Brown
4892084152060276,847,07/23,08/28,Morgan Moore
4571948802081982,100,08/23,08/28,Morgan Wilson
4571926890919996,946,11/23,03/28,Chris Moore
4571140487196845,230,08/23,02/28,Alex Brown
4571004827127236,104,06/23,05/28,John Brown
4571801045718013,221,03/23,02/28,Morgan Davis
4155577724927308,070,05/23,02/28,Alex Jones
4571237725396812,971,09/23,07/28,Sam Taylor
5162301320313964608,397,05/23,02/28,Alex Moore
4571949957204608,441,11/23,07/28,Alex Johnson
5472421414715798,782,05/23,01/28,Sam Johnson
4571681833725033,394,09/23,10/28,Morgan Moore
621483206602689159,760,01/23,03/28,Jordan Jones
4013507308114526553,125,10/23,07/28,Alex Miller
4571718313525024,229,08/23,05/28,Pat Miller
4571482039858403,969,02/23,07/28,Pat Smith
5155510615149591,013,01/23,03/28,Jane Johnson
4571016087835300,823,03/23,08/28,Sam Johnson
4571599345715999,177,10/23,05/28,Taylor Johnson
4342587343689501,050,06/23,03/28,Alex Johnson
4046738785296031825,570,04/23,06/28,John Williams
4388383981577935,627,02/23,07/28,Jordan Taylor
4571159924615899,327,09/23,10/28,Alex Jones
4571564136596604,922,10/23,10/28,Morgan Jones
5472319884505187,509,09/23,07/28,John Jones
4571087327087160,498,11/23,06/28,Chris Wilson
4571738145717387,097,04/23,11/28,Pat Wilson
4571365488789045,204,07/23,04/28,Pat Smith
374632314353015,3228,10/23,03/28,Jane Williams
371348286633114,2513,06/23,11/28,Jordan Davis
5402877058160595,032,02/23,11/28,Alex Davis
4571403253299522,277,05/23,06/28,Jane Jones
4571193278934621,517,11/23,09/28,Jordan Jones
4571075523701976,239,11/23,10/28,Jamie Davis
5488263602700405,221,04/23,01/28,Morgan Williams
5178003915159007211,433,06/23,08/28,John Brown
5248464227660026218,343,02/23,04/28,Pat Johnson
4806910956944793176,982,05/23,01/28,Sam Moore
4571920665915530,083,06/23,01/28,Jamie Johnson
4602033616893642030,365,04/23,05/28,Pat Smith
4590801634540981,280,07/23,01/28,Chris Taylor
376073985376074,9013,09/23,04/28,Jordan Brown
5262289226113579762,627,04/23,04/28,Taylor Moore
4380303952033200732,934,07/23,08/28,Alex Taylor
4571038870040710,033,01/23,03/28,Chris Jones
4571957712043100,160,07/23,09/28,Pat Wilson
4435478323270349656,196,10/23,10/28,Pat Jones
4571431998603188,836,07/23,03/28,Jordan Taylor
4888935800254325453,259,11/23,10/28,Jane Moore
4061689925554579913,018,09/23,06/28,Morgan Moore
4607924335512210,568,11/23,07/28,Pat Moore
4811102281417968,802,07/23,05/28,Sam Jones
4571920019269128,420,06/23,10/28,Taylor Wilson
4488161841482857,275,02/23,10/28,Jordan Johnson
4571955183252680,028,05/23,05/28,Taylor Johnson
4539663112309843872,124,11/23,03/28,Taylor Johnson
373391613736123,3661,05/23,02/28,Alex Jones
4571413063691914,701,02/23,11/28,Jordan Moore
5401627490657782,039,05/23,07/28,Sam Davis
4571409979586644,649,06/23,07/28,Morgan Moore
4133322031328416329,838,01/23,05/28,Pat Wilson
5464219460267044,007,07/23,03/28,Jordan Davis
4571223090716805,815,01/23,07/28,Chris Williams
5448280312774945,060,05/23,02/28,John Brown
4571651391707270,746,03/23,07/28,Jamie Jones
4571823200064567,233,06/23,07/28,Sam Johnson
4571374017565922,577,07/23,01/28,Jane Johnson
4257887677401783566,168,01/23,04/28,Pat Jones
5147501211675585313,465,03/23,11/28,Jordan Taylor
5196037456912080588,514,01/23,11/28,Sam Williams
4323830779874410785,017,03/23,11/28,Jordan Miller
371737003950625,7742,11/23,10/28,Jamie Smith
4828570045289694240,711,08/23,10/28,Alex Williams
4220615065892482,120,09/23,10/28,Pat Wilson
4571136285158028,439,04/23,10/28,Taylor Johnson
4571230006297278,521,07/23,09/28,Pat Brown
4678931202619398716,073,07/23,07/28,John Moore
4571241334989314,565,08/23,10/28,Jamie Taylor
4540313444144929431,552,08/23,10/28,Sam Wilson
5286839112239411851,870,10/23,03/28,Morgan Taylor
4174807645311985,316,10/23,03/28,Chris Jones
4929059448349480,556,11/23,03/28,Chris Smith
4659427593654465943,754,10/23,01/28,Sam Moore
5484740631705891,601,05/23,07/28,Pat Smith
4220610862672773591,105,08/23,02/28,Sam Williams
4488167353216382653,436,02/23,01/28,Jamie Wilson
5103928723316920131,170,06/23,05/28,Sam Wilson
4571233445712335,253,04/23,06/28,Sam Miller
4571230193685211,341,05/23,09/28,Alex Moore
377267796254160,5494,02/23,09/28,Chris Johnson
4571953635250547,424,11/23,05/28,Jordan Jones
4571950635695145,283,05/23,02/28,Jane Moore
4427953786873981,250,01/23,06/28,Taylor Taylor
5163104831289023506,419,08/23,06/28,Pat Brown
4552595213370389696,222,03/23,09/28,Chris Jones
4571401523785870,887,10/23,06/28,Sam Brown
5155517404604311363,533,06/23,05/28,John Davis
4571284045712841,346,04/23,09/28,John Johnson
4143141239202371,090,09/23,06/28,Sam Johnson
4571946479553552,105,01/23,05/28,Chris Miller
4571947945719481,171,02/23,08/28,Jane Jones
4571573521629490,000,05/23,04/28,Taylor Taylor
4153596145746343,993,01/23,09/28,Pat Williams
4584365278233885,215,05/23,02/28,Jane Johnson
4976418698336612,032,10/23,04/28,Jamie Smith
4026509757387556,741,03/23,08/28,Chris Moore
4385985025211652049,543,07/23,06/28,Sam Williams
4661357585562054240,808,06/23,11/28,Pat Davis
5549002702711018574,164,03/23,04/28,Pat Smith
4798510333366280873,622,09/23,09/28,Pat Brown
4571111171639705,272,03/23,05/28,Jordan Smith
4571765145717652,551,08/23,01/28,Taylor Smith
5218813456778077,735,04/23,03/28,John Davis
4571217409529450,050,02/23,08/28,John Smith
4571956271905598,731,01/23,06/28,John Smith
4571371064682388,728,08/23,06/28,Jordan Moore
4571980084979768,996,07/23,10/28,Alex Moore
4571586400412603,658,01/23,06/28,Pat Davis
4571936445719365,255,09/23,10/28,Jamie Miller
5401853490117025451,329,04/23,06/28,Pat Brown
4543131546273116144,335,05/23,07/28,Morgan Williams
4147215070639079708,742,09/23,09/28,Jamie Johnson
4571194148251089,007,07/23,10/28,Sam Wilson
4890553037184348796,144,05/23,09/28,Alex Wilson
4571557274276045,933,06/23,03/28,John Moore
5295858228916377490,026,03/23,08/28,Jordan Brown
4386757612219974898,257,06/23,04/28,Chris Jones
4571920001542917,125,02/23,08/28,Chris Williams
4532317046549669694,825,01/23,03/28,Morgan Taylor
4019016558796443006,766,02/23,10/28,Jamie Davis
4505534310170854,837,05/23,09/28,Morgan Brown
4571724373618146,088,07/23,03/28,Jamie Davis
4518772934578000513,057,02/23,11/28,Sam Jones
4532266620062213,237,11/23,04/28,John Johnson
4255995820878052,887,09/23,03/28,Jamie Taylor
4571245345712454,653,06/23,09/28,Sam Jones
4571784113287378,912,11/23,04/28,Morgan Smith
4571956231824647,190,08/23,05/28,Jane Moore
4571374167901763,092,09/23,10/28,Jordan Davis
4571551333103310,768,11/23,10/28,Chris Johnson
5523931938956906655,733,04/23,11/28,Pat Taylor
4357022504142012485,379,03/23,04/28,Morgan Taylor
4571933991482467,259,08/23,10/28,Pat Moore
4571011713031181,855,05/23,01/28,Jane Taylor
5187675766659765,394,08/23,03/28,John Williams
4571483614324264,181,09/23,06/28,Pat Jones
5222236843135283626,806,01/23,01/28,Chris Miller
4571025467952522,175,06/23,04/28,Alex Miller
4571202225539780,886,09/23,03/28,Alex Johnson
4571098017013533,768,08/23,01/28,Jordan Jones
4571737072673892,037,01/23,01/28,Alex Moore
4499051350248192568,880,05/23,06/28,Jamie Miller
4571226788387035,193,09/23,01/28,Sam Davis
4431124179152659369,822,03/23,05/28,Morgan Taylor
4571191945711920,435,03/23,08/28,Jane Davis
4571204145712042,954,09/23,10/28,Jane Davis
5488279526472503030,248,11/23,08/28,Morgan Smith
4571493292234004,917,09/23,02/28,Jane Brown
4373033767163261406,317,04/23,02/28,Jamie Williams
4571222540190601,741,11/23,03/28,Taylor Wilson
4571290767962899,743,07/23,06/28,Pat Davis
4571955123271150,103,06/23,03/28,Pat Miller
4556103137463455611,034,02/23,09/28,Morgan Williams
4571241250417206,164,06/23,05/28,John Wilson
5404773833527717467,864,03/23,01/28,Jamie Davis
4571212989155495,483,06/23,04/28,Sam Johnson
4571714057534691,524,01/23,08/28,Taylor Wilson
4571033945710340,505,07/23,03/28,John Davis
4571820575422869,538,06/23,09/28,Morgan Moore
4571068259529788,345,11/23,05/28,Jordan Taylor
4207192455981994478,882,04/23,06/28,Pat Johnson
4571753570771128,257,01/23,06/28,Jamie Davis
4571970544139345,443,06/23,01/28,Morgan Smith
4571403249846240,081,07/23,02/28,Jane Johnson
4571967474881904,162,01/23,03/28,Taylor Brown
4571010345710104,804,11/23,09/28,Pat Williams
5266244910790484,809,05/23,03/28,Alex Smith
4912841441604364444,455,01/23,01/28,Sam Miller
376451378457922,0676,03/23,03/28,John Taylor
4357947548194399,106,04/23,04/28,Pat Wilson
4470916411555421,980,03/23,11/28,Jamie Johnson
4571361345713614,982,02/23,08/28,Jamie Miller
4571460680012341,292,08/23,03/28,Chris Smith
5188536348538587,030,08/23,10/28,Alex Smith
4571938597275697,611,08/23,04/28,Pat Smith
5594050912550611039,206,01/23,06/28,Morgan Brown
4571014493667589,626,02/23,02/28,Sam Williams
4690651232006657,950,03/23,08/28,John Smith
4074586211192565430,263,01/23,06/28,Morgan Williams
4571489714023544,483,11/23,11/28,Jane Brown
4060193273391210456,409,04/23,02/28,Alex Smith
5405341089301850,513,01/23,06/28,Alex Miller
4061302891416048620,295,10/23,03/28,Sam Brown
4581248148617377,457,02/23,02/28,Taylor Brown
4571151511139841,530,06/23,05/28,Morgan Brown
4571017207913135,900,07/23,04/28,John Taylor
5504732009962180,185,09/23,01/28,Taylor Jones
4512235710495102,450,01/23,06/28,Alex Jones
4474940412240112,205,01/23,02/28,Taylor Johnson
4571152744600054,520,07/23,06/28,Sam Williams
4571014641250335,281,04/23,11/28,Jamie Brown
371746190588487,1474,11/23,09/28,Morgan Davis
4571705934971469,261,05/23,03/28,Jordan Wilson
4602031468214334,034,03/23,08/28,Alex Taylor
4564435869996043,237,11/23,10/28,Pat Miller
371530556924466,8719,09/23,05/28,Sam Jones
5463636155991470187,956,03/23,11/28,Jamie Wilson
4571322114466976,321,11/23,02/28,Pat Moore
5275184713934970568,804,11/23,07/28,Jane Williams
4571361345713614,292,09/23,10/28,Morgan Taylor
5445598124751132292,031,01/23,01/28,Alex Moore
4571626045716263,329,04/23,05/28,Jamie Smith
4187429921630761,806,10/23,10/28,Jordan Jones
372794338450353,3020,05/23,06/28,Sam Wilson
4571556731351419,254,01/23,02/28,Jamie Jones
4571981787741907,213,11/23,04/28,Chris Taylor
4571090321444029,529,03/23,02/28,Chris Taylor
4571944439260498,649,03/23,07/28,Alex Brown
4571053701199380,743,03/23,08/28,Jane Smith
4616916637933287,317,10/23,02/28,Morgan Taylor
4571610050423834,031,01/23,03/28,Jamie Brown
4571549211717975,496,10/23,03/28,Alex Moore
4154179467264123,607,02/23,11/28,Sam Wilson
4590785787769607,602,03/23,11/28,Sam Moore
4571331698388732,118,10/23,08/28,Jordan Williams
4192761745733164569,676,11/23,08/28,Sam Moore
371560280990237,9257,08/23,03/28,Chris Moore
4543246831289537013,575,02/23,03/28,Alex Williams
5307069498764815,249,09/23,03/28,John Davis
4571549657807477,508,03/23,05/28,John Brown
4506349362275521,373,04/23,02/28,Sam Williams
4571155045711551,525,11/23,10/28,Alex Jones
5232298295717175,383,02/23,08/28,John Moore
4428284927260141,776,03/23,05/28,John Brown
4571404068357613,501,11/23,10/28,Alex Brown
4765597609426970,955,10/23,03/28,Jane Johnson
4411034549969441104,508,06/23,07/28,Alex Brown
4571358859990359,073,11/23,03/28,Jane Moore
5466309978758145847,067,04/23,03/28,Jordan Miller
5518596963928697,795,10/23,07/28,Sam Smith
4571789090866538,554,02/23,01/28,Chris Wilson
4571234370113375,117,06/23,02/28,Pat Brown
4571461913029108,257,07/23,04/28,Taylor Wilson
5268634757441466,974,10/23,08/28,Chris Williams
4943402572673887,764,05/23,10/28,Taylor Johnson
4571185078607985,344,10/23,01/28,Pat Williams
4571322903760850,267,09/23,11/28,Chris Johnson
4564692622129422335,993,02/23,09/28,Jane Williams
4988538396973067,404,11/23,05/28,Alex Davis
4190272601415560,976,04/23,06/28,John Williams
5437711340122038,079,06/23,07/28,Morgan Williams
4518052929318257848,704,07/23,09/28,Jane Brown
4571768048214651,524,06/23,07/28,Alex Brown
4571462596082384,261,02/23,01/28,Taylor Williams
4152742137484325,370,03/23,02/28,Taylor Jones
4119045969418449002,143,08/23,04/28,Sam Moore
5326047347741141,410,09/23,03/28,John Moore
5210599704626493,250,05/23,06/28,Alex Johnson
4894648340763798,715,04/23,03/28,Taylor Davis
4571097887650767,987,02/23,11/28,Jordan Wilson
4571927293797950,010,04/23,09/28,Sam Johnson
4565423825951653,078,06/23,06/28,Sam Moore
4571005771218682,180,06/23,07/28,Taylor Moore
4571060575977398,686,03/23,07/28,Pat Moore
4571099340848018,213,08/23,09/28,Jane Jones
5511666383674670154,315,05/23,10/28,Alex Wilson
4303263692786468839,573,09/23,11/28,John Jones
4571239327778160,687,10/23,11/28,Sam Brown
4571399131386115,050,09/23,03/28,Sam Moore
4571586411707471,244,05/23,04/28,Sam Davis
5175730769142273426,920,08/23,08/28,Sam Wilson
4124533643992529299,484,08/23,05/28,John Johnson
5348751691784894200,881,11/23,08/28,Alex Taylor
4571787201635483,706,08/23,07/28,Jordan Johnson
376439062832974,2050,03/23,03/28,John Johnson
4571242845712429,411,01/23,02/28,Sam Moore
4616578553964696489,310,02/23,10/28,Morgan Johnson
4571028396985574,037,11/23,03/28,John Moore
375415012839293,6974,08/23,09/28,Sam Jones
4571786037226624,901,04/23,03/28,Taylor Johnson
4571017528158302,931,03/23,06/28,Chris Wilson
4571906092617153,453,05/23,02/28,Morgan Jones
4571946480754462,313,04/23,08/28,Pat Smith
4312300658128043,962,07/23,10/28,Alex Johnson
372448431512647,1614,08/23,08/28,Morgan Taylor
4571458791625548,733,01/23,09/28,Jordan Smith
4571916145719162,001,07/23,08/28,Taylor Jones
4571385867867846,653,09/23,06/28,Sam Moore
4571806313699974,072,04/23,11/28,John Miller
376489716664688,9880,03/23,06/28,John Johnson
4610213828363446,910,03/23,06/28,Jamie Johnson
4481108036478119,376,06/23,06/28,Jane Taylor
4222009066624656507,389,01/23,01/28,Jamie Williams
4571806816662463,432,07/23,06/28,Sam Smith
4571806502584465,769,11/23,10/28,John Wilson
4081048163756282701,198,07/23,04/28,Chris Taylor
4571193845711939,150,10/23,02/28,Sam Moore
4602668386285373160,436,02/23,04/28,Alex Smith
4571282598334165,173,04/23,06/28,Alex Miller
5336099858915874,754,03/23,01/28,Sam Davis
5424182423255267,552,04/23,06/28,Alex Wilson
5289191398815051490,164,04/23,01/28,Pat Taylor
4571068303233256,157,07/23,03/28,Taylor Smith
4904355524690106,771,03/23,04/28,Jordan Taylor
4109701257795787,020,02/23,11/28,Taylor Wilson
4921596807451811769,824,09/23,04/28,Taylor Taylor
4178496679542890899,911,05/23,08/28,Morgan Taylor
4571505199544562,866,03/23,08/28,Sam Johnson
5545935608207677,869,07/23,11/28,Chris Miller
4571010981559803,593,10/23,11/28,Morgan Smith
4571822258740316,440,05/23,06/28,Chris Moore
5126872591412463,614,10/23,06/28,Jamie Jones
4571648402247981,869,11/23,05/28,Pat Davis
5326048772383581549,374,06/23,09/28,Pat Smith
4571140545711406,288,06/23,11/28,Chris Williams
4571911437733377,368,03/23,06/28,John Johnson
5173052103938710,393,01/23,11/28,Jordan Miller
4571745026117615,890,04/23,09/28,Jamie Davis
5490927876336720888,208,07/23,06/28,Chris Taylor
5422612311598349979,213,06/23,09/28,John Johnson
4571277747205406,536,03/23,11/28,John Jones
5482934097345195412,982,10/23,02/28,Sam Smith
4034907385099603901,059,04/23,02/28,John Johnson
376523044478214,0216,09/23,01/28,Jordan Taylor
4571117145711172,392,03/23,10/28,Sam Moore
374355593667511,7029,10/23,11/28,Pat Moore
4532290415122376436,976,07/23,08/28,Jamie Taylor
4571399945714000,481,09/23,01/28,Chris Williams
4377116238661019,971,10/23,05/28,Sam Davis
4571989225805706,460,04/23,07/28,Taylor Johnson
4802285589201952,615,04/23,03/28,Jordan Jones
4571822245070652,355,07/23,09/28,Morgan Williams
4571764745717648,799,09/23,02/28,Jamie Moore
4071669990547149,109,03/23,07/28,John Moore
4066555443820822980,151,04/23,02/28,Jamie Davis
4913418705209232787,307,09/23,03/28,Sam Taylor
4165119826804825,775,10/23,08/28,Taylor Davis
4571900145719002,930,03/23,02/28,Jamie Jones
5547734835522312109,947,02/23,06/28,Jordan Jones
4571212780358060,721,04/23,03/28,Jane Davis
4624856807491753,553,06/23,05/28,John Johnson
4096017089705501858,802,08/23,10/28,John Brown
4392679694907250693,512,05/23,07/28,Taylor Davis
4571374878512999,879,10/23,09/28,Jane Wilson
4474356436066604,520,03/23,03/28,Alex Smith
4571963099860324,656,01/23,08/28,Morgan Taylor
4428134205975761281,261,05/23,02/28,Jane Miller
4526686459230171,990,10/23,02/28,Alex Wilson
4571905443776546,734,02/23,11/28,John Moore
4720703453235993,981,06/23,01/28,Jane Williams
5175521787827502604,375,09/23,07/28,Jordan Smith
4571312313343440,548,04/23,09/28,John Brown
4571986549747946,843,10/23,01/28,Alex Moore
4848529101520507,418,08/23,06/28,Taylor Williams
4571420528015742,634,08/23,07/28,Pat Davis
5239822927400096053,958,06/23,06/28,Taylor Davis
4152751818048539027,569,07/23,01/28,Alex Williams
4509034960626184579,041,02/23,10/28,Chris Davis
4477891973808156999,384,01/23,09/28,Taylor Davis
4571357504619495,559,05/23,09/28,Jamie Moore
5490335775964758850,509,11/23,08/28,Jordan Brown
4465399907446540,694,05/23,11/28,Jane Taylor
4571560510732107,056,06/23,10/28,Jamie Davis
5194610015724131069,663,05/23,08/28,Morgan Brown
4388520394279668,817,09/23,02/28,Alex Johnson
4571576442761529,255,09/23,07/28,Morgan Brown
4571168226724136,504,05/23,08/28,Jamie Taylor
4571357884782818,707,02/23,01/28,Pat Smith
4571099684387380,960,07/23,01/28,Sam Williams
4430514119178593015,521,09/23,03/28,Taylor Jones
5290207442184012776,518,05/23,09/28,John Smith
4488168125049866,113,11/23,10/28,Jane Smith
4571736141765415,352,08/23,09/28,Alex Smith
4571923910583880,670,07/23,04/28,Jordan Smith
4029444578976581734,598,06/23,05/28,Jane Williams
5148956125375808883,931,08/23,06/28,Alex Taylor
4571063758933143,659,04/23,07/28,Taylor Taylor
5188994268474693,977,08/23,05/28,Morgan Taylor
4571567716112907,806,01/23,05/28,Pat Taylor
4571537889403519,728,09/23,01/28,Pat Taylor
4824981472848161,468,04/23,09/28,Chris Jones
4571214533467376,501,05/23,02/28,Chris Brown
5109334982377507,128,11/23,01/28,Jordan Davis
4765168835991370942,015,01/23,10/28,Chris Taylor
4571324184745861,738,03/23,04/28,John Johnson
4571240459189097,142,03/23,06/28,Chris Williams
4571318514444507,676,08/23,05/28,Alex Davis
4658868533184131,081,06/23,11/28,Morgan Johnson
4432446143953343597,532,03/23,11/28,Jordan Moore
4571649482954749,936,06/23,04/28,Pat Miller
4571704613595309,011,08/23,04/28,Taylor Brown
6011003574456454,990,06/23,10/28,Sam Taylor
4314718940445042047,791,03/23,06/28,Jamie Miller
4417166173388298637,833,05/23,06/28,Sam Miller
4571929160660966,506,05/23,11/28,Jamie Wilson
5579070272759283162,597,04/23,03/28,Jordan Smith
4294203114936728218,604,10/23,09/28,Jordan Davis
4571062265816889,475,03/23,04/28,Taylor Smith
4571147117214304,492,11/23,05/28,Taylor Miller
4351579005534212497,467,07/23,08/28,Taylor Davis
4556829764888623,598,04/23,09/28,Chris Taylor
4571500269044415,191,08/23,03/28,Morgan Miller
4489150963546600,597,08/23,06/28,Jane Williams
4324665537041426695,334,01/23,09/28,Jamie Wilson
4264529868235815,177,06/23,07/28,Alex Taylor
5589678976238467851,544,09/23,03/28,Pat Jones
4218458893745078,238,09/23,03/28,Taylor Davis
4571221045712214,898,06/23,11/28,Jamie Johnson
4571205172675348,469,10/23,10/28,Jamie Taylor
4571517019340049,077,02/23,10/28,Taylor Johnson
4266921152351757,802,01/23,03/28,Pat Wilson
5587591192199901,980,01/23,02/28,John Johnson
5160563387262057,687,05/23,11/28,Jordan Wilson
4571367856838323,304,08/23,02/28,Chris Johnson
4571981799357851,000,01/23,05/28,Jordan Brown
4571757343767451,118,05/23,11/28,Taylor Jones
4630664662051002,684,11/23,08/28,John Moore
4571213054432877,373,08/23,08/28,Morgan Johnson
4239531955727879084,466,11/23,07/28,Chris Brown
4356437390064925277,435,04/23,04/28,Pat Brown
4518777682821036248,024,01/23,03/28,Jamie Miller
4893081048258264667,925,01/23,02/28,Chris Jones
4402030700729230368,044,03/23,08/28,Morgan Wilson
4571971303511789,537,08/23,07/28,Jordan Johnson
5107474273591476961,787,04/23,10/28,Sam Miller
4929400403584798873,990,01/23,05/28,Jamie Williams
4571973113581204,838,03/23,09/28,Taylor Jones
4427143716468980528,000,04/23,06/28,Taylor Brown
4366683760190717,094,03/23,11/28,John Williams
5419715815766831839,340,03/23,11/28,Taylor Davis
4571567854797725,637,04/23,02/28,John Williams
4571724445717245,893,08/23,01/28,Taylor Johnson
4571773416910598,297,03/23,11/28,Taylor Jones
4571505135912592,433,03/23,07/28,Jane Taylor
4571501335844237,745,10/23,10/28,John Jones
5516779737825141603,598,07/23,08/28,Jane Smith
4291765661977873,974,07/23,02/28,Morgan Smith
372523219433622,0289,08/23,02/28,Chris Williams
4571022587482471,586,03/23,11/28,Jane Wilson
4359832432201300515,177,10/23,08/28,Morgan Moore
4680178921745818,720,08/23,09/28,Taylor Brown
4571549031156629,762,05/23,10/28,Jane Wilson
5497036778497499,090,07/23,05/28,Jordan Davis
4571243448138849,240,11/23,01/28,Taylor Wilson
4571590095752510,962,08/23,06/28,Jordan Brown
4535105542453511,980,04/23,02/28,Sam Williams
5412907177416212,126,11/23,05/28,Chris Moore
4571323076602210,105,01/23,11/28,Jamie Johnson
4554925006285827911,884,11/23,02/28,Jordan Wilson
4508237982927194608,619,02/23,07/28,Chris Davis
4571159423941008,213,11/23,04/28,John Johnson
4571015129584529,646,05/23,10/28,Chris Taylor
4571070509330669,888,02/23,03/28,Chris Johnson
4571217248817227,017,01/23,06/28,Jordan Moore
4571344039359866,423,08/23,07/28,Taylor Moore
4571532477208347,190,06/23,01/28,Taylor Smith
4571964245719644,855,05/23,11/28,Morgan Moore
5175378254054887322,069,08/23,07/28,Morgan Davis
4571578795738460,958,04/23,03/28,Jane Brown
4571932845719335,355,06/23,06/28,Jane Jones
4571321955145070,479,06/23,05/28,Alex Jones
4356190983566721785,326,07/23,01/28,Pat Wilson
5526357116053958,819,05/23,01/28,Pat Williams
4571968645719687,192,05/23,06/28,Pat Wilson
4078079277940776,433,01/23,06/28,Alex Miller
4571595925256288,658,08/23,10/28,Pat Wilson
4571062981264554,041,03/23,09/28,Jamie Taylor
4571136091974038,796,10/23,08/28,Pat Smith
4915668506054568389,487,02/23,05/28,Jordan Moore
5143789579949946892,500,03/23,09/28,Pat Jones
4538100628854600139,889,09/23,08/28,Chris Johnson
4571551262507236,569,10/23,05/28,Alex Jones
4427143561944863837,739,06/23,09/28,Sam Brown
4607927371338017253,476,08/23,06/28,Chris Williams
4571317045713171,963,08/23,04/28,Jane Wilson
4571564333421255,210,09/23,05/28,Jordan Brown
4202022627410804485,886,04/23,07/28,Jamie Moore
4571199645711998,960,06/23,05/28,Taylor Taylor
4571223573793522,026,05/23,04/28,Pat Miller
4571559228969147,816,04/23,09/28,Jamie Davis
4645794534024799949,764,03/23,09/28,Pat Davis
4269365006188414,161,08/23,09/28,Jane Smith
4571249045712492,300,01/23,01/28,Morgan Moore
4571775045717751,926,07/23,09/28,Jamie Wilson
4571295097512579,447,03/23,09/28,Jordan Davis
4571910145719102,851,05/23,04/28,Jamie Miller
4571253075811893,589,11/23,11/28,Jordan Moore
4491450226620470306,834,03/23,09/28,Jordan Davis
4548051570389799,522,07/23,02/28,Jane Wilson
4571217432475225,233,06/23,03/28,Jordan Jones
4773535545639493091,579,01/23,03/28,Jordan Jones
4551874483961331,931,06/23,01/28,Taylor Moore
4137539166397760101,686,09/23,11/28,Jordan Williams
4913410988485251,257,05/23,04/28,Alex Smith
4334438032157527161,484,06/23,06/28,Pat Williams
4571224356181567,362,11/23,02/28,Jamie Jones
4427966637116915415,971,04/23,04/28,Chris Taylor
5156645368952491191,221,04/23,08/28,Pat Smith
4571228828996741,323,01/23,07/28,Jamie Smith
4325486261517660,155,02/23,10/28,Jordan Jones
4571027218462916,552,11/23,09/28,Jamie Smith
4571053954072116,560,08/23,10/28,John Moore
4571363964182472,896,05/23,11/28,Sam Smith
4571012384563383,053,04/23,07/28,Pat Jones
4222016506784248,113,11/23,09/28,Pat Johnson
4941338976874146342,942,02/23,10/28,John Smith
5388316257748457,339,06/23,11/28,Jordan Davis
4571823268133988,742,11/23,11/28,Morgan Brown
5472428300563003,092,04/23,04/28,Alex Miller
4571004817818118,344,05/23,09/28,Chris Jones
4795114212468136,692,11/23,04/28,Pat Miller
4571476245714763,422,04/23,07/28,Sam Wilson
4385954460476531,367,07/23,08/28,Taylor Jones
4571018695330443,926,04/23,04/28,Jordan Williams
4250310411425032,023,01/23,11/28,Taylor Johnson
4918729738675410816,144,03/23,07/28,Jordan Smith
4571807145718072,528,02/23,06/28,Alex Wilson
4571097154468005,981,05/23,09/28,Jamie Smith
4552053179303158450,328,09/23,09/28,John Miller
5312629156797258366,720,01/23,02/28,Jane Jones
4259081909517425909,986,11/23,01/28,Morgan Williams
4571651345194792,792,06/23,04/28,Morgan Jones
4386880314260828,736,03/23,04/28,Jordan Davis
4789755980539375264,139,09/23,10/28,Alex Moore
4688814727922371439,185,11/23,11/28,Sam Moore
4571345771425063,177,07/23,01/28,Sam Taylor
4571295703391164,076,10/23,07/28,Jane Johnson
376750434376751,3422,10/23,03/28,Pat Miller
4259087479138425909,656,03/23,08/28,Morgan Johnson
4571569506458400,319,09/23,11/28,Jamie Smith
5513096143310413233,677,07/23,05/28,Taylor Miller
4031213332877390,296,10/23,11/28,Taylor Smith
4571345376849010,038,01/23,01/28,Morgan Smith
4571204145712042,230,09/23,06/28,John Wilson
4571476874719183,603,09/23,01/28,Taylor Smith
4571364903537238,314,01/23,11/28,Sam Jones
4571936645719367,386,09/23,06/28,Jamie Miller
5140044031655887,389,10/23,05/28,Jane Jones
4510145223302752499,172,10/23,10/28,Jordan Miller
5491396994025251963,634,04/23,04/28,Sam Miller
4571974584768622,348,09/23,01/28,Jamie Smith
5191330056547627110,463,10/23,01/28,Alex Williams
4571316834184559,692,03/23,02/28,John Davis
4571026310950893,160,09/23,03/28,Pat Miller
4312312625137781,994,02/23,05/28,Taylor Smith
4571971208364375,177,09/23,05/28,Jordan Wilson
4155001033931704581,174,01/23,10/28,Pat Smith
4571784655679988,560,11/23,04/28,Jane Brown
4571213113896921,251,05/23,11/28,Jane Wilson
4095310485795288,684,09/23,07/28,Taylor Jones
4571402088075294,132,08/23,09/28,Pat Brown
4571292445712928,948,04/23,09/28,Pat Johnson
5397655139791784775,533,01/23,08/28,Pat Brown
4571226620900362,695,02/23,05/28,John Smith
4488739704062115,830,06/23,02/28,Chris Williams
4539357966645469,832,05/23,02/28,Alex Williams
4571226438161980,822,09/23,08/28,Taylor Wilson
4571662086464708,598,10/23,03/28,Taylor Jones
4571198780504368,891,09/23,09/28,Sam Brown
5181274821413720,014,07/23,04/28,Pat Brown
4763333129642630083,082,08/23,08/28,Pat Taylor
5351423630986514,271,01/23,07/28,Chris Davis
377262877061105,4393,05/23,04/28,Morgan Smith
4571399394782127,944,10/23,03/28,Taylor Jones
5433453016402531999,549,06/23,06/28,Morgan Miller
4571214940278037,256,06/23,09/28,Chris Brown
375080198370594,4524,07/23,09/28,Jane Brown
4571191145129533,250,01/23,04/28,Morgan Smith
4571229518706514,438,06/23,05/28,Jordan Davis
4635501142463551,223,04/23,03/28,Morgan Davis
4739058441284822,167,05/23,01/28,Jamie Williams
4486708630024056245,345,08/23,08/28,Jamie Davis
4571394545713946,393,02/23,06/28,Chris Jones
5224988923657556197,651,04/23,08/28,Chris Taylor
4662509118144026,011,11/23,01/28,Chris Davis
4571296879918483,733,08/23,04/28,Jamie Miller
4571190814855075,735,03/23,05/28,Pat Williams
4571413379891283,577,04/23,09/28,Taylor Moore
4571071072659896,042,11/23,09/28,Jordan Smith
4555299007843823134,944,02/23,03/28,Chris Moore
5466049629756046,618,07/23,04/28,Jane Jones
4701345568154277844,399,01/23,07/28,Alex Davis
4571242845712429,129,06/23,09/28,Morgan Williams
5378939182568042084,555,01/23,11/28,Jamie Moore
4571248145712482,101,09/23,06/28,John Moore
4571428018184136,508,09/23,10/28,Chris Jones
4571328566300260,035,02/23,07/28,Morgan Smith
5547730762784947,492,06/23,07/28,Taylor Davis
4023966124345820,354,05/23,06/28,Jordan Wilson
371758482510423,3805,02/23,10/28,Jane Moore
5511587261038583,215,10/23,11/28,Chris Brown
372837747217080,0861,03/23,10/28,John Brown
4571550683119813,034,08/23,08/28,Taylor Davis
4571916363874374,784,03/23,05/28,Taylor Williams
5170995431353827742,540,07/23,04/28,Jamie Smith
4571316379596736,283,01/23,07/28,Taylor Wilson
4571571705238056,056,04/23,11/28,Taylor Moore
4571150721565919,482,06/23,05/28,Alex Wilson
4571094003662652,148,04/23,02/28,Alex Wilson
4584155963096756762,582,04/23,07/28,Taylor Brown
4571718645717187,577,10/23,07/28,Taylor Davis
4571225422258494,865,09/23,11/28,Pat Davis
4571017944875291,505,05/23,11/28,Sam Williams
5579206911185305895,187,05/23,11/28,Pat Brown
372408502421705,1949,03/23,08/28,Sam Davis
5524886396947321757,035,07/23,09/28,Chris Wilson
5512152623138428526,637,06/23,09/28,Sam Brown
4652463156964650350,921,06/23,10/28,Morgan Jones
4677263528119710,657,07/23,02/28,John Williams
4571730045717301,979,11/23,09/28,Chris Johnson
4571348028585641,885,01/23,09/28,Taylor Taylor
4571192950177674,852,01/23,06/28,John Miller
4717247357160156,562,10/23,04/28,Jamie Jones
5488537212897905,793,01/23,04/28,Jane Moore
4571214403211524,279,04/23,11/28,Alex Brown
4571408367382482,156,02/23,06/28,Taylor Davis
4038088943153333,069,06/23,04/28,Pat Smith
4571982745719828,646,10/23,08/28,Pat Johnson
4559533012944638030,773,03/23,10/28,Morgan Moore
4571169356012512,926,08/23,03/28,Alex Williams
4571705994504948,335,11/23,11/28,Chris Taylor
4496134068111718802,608,05/23,05/28,Pat Williams
4357022542582048,586,06/23,09/28,Sam Williams
4571070430949354,845,11/23,03/28,Jane Wilson
4571191602760186,060,01/23,03/28,Sam Taylor
4571467255805208,810,02/23,01/28,Jordan Williams
4509791780888734,831,01/23,04/28,Taylor Brown
4571058808068237,646,09/23,01/28,Alex Smith
4571703045717032,630,06/23,09/28,Alex Davis
4580034604690576053,916,06/23,09/28,Jordan Davis
4460317689434820016,843,04/23,09/28,Jane Taylor
5353180274495117476,939,07/23,11/28,Jamie Wilson
4870904344268009596,303,07/23,04/28,Pat Davis
4571469202790513,336,03/23,07/28,Taylor Williams
4548607253447479896,622,04/23,04/28,Chris Johnson
5216927017559883,163,05/23,09/28,Morgan Williams
4571202234903051,011,06/23,03/28,Jamie Williams
4571384632897822,554,06/23,09/28,Sam Johnson
4433894376256370776,761,04/23,11/28,Jane Taylor
4571244745712448,554,06/23,08/28,Jamie Davis
4571130769780266,284,11/23,02/28,Alex Johnson
4571780077423430,700,07/23,04/28,John Williams
4431122005435312160,542,03/23,07/28,Jane Taylor
4571562045715622,679,11/23,09/28,John Williams
4815816386372481583,640,04/23,03/28,Pat Smith
377212556388289,9401,03/23,10/28,Jamie Davis
371515299117261,9811,03/23,07/28,Pat Wilson
4571712345717128,670,03/23,04/28,Jane Johnson
5378930062300022902,698,06/23,10/28,Taylor Williams
4571401529065714,859,01/23,01/28,Alex Wilson
4571933645719337,335,02/23,08/28,Chris Wilson
4514211242120951523,847,09/23,09/28,Jane Johnson
4571737226287576,468,05/23,09/28,Jane Moore
4571041841856340,426,06/23,08/28,Jordan Taylor
4571154313571282,539,04/23,02/28,Jordan Johnson
5455373745234271735,278,11/23,02/28,Chris Johnson
4571395028864812,955,05/23,08/28,Jordan Brown
4916804994665555056,530,03/23,03/28,Pat Brown
4571926576571797,328,11/23,03/28,Jane Moore
379483683962579,9747,10/23,02/28,Alex Davis
5507556827361769146,502,07/23,11/28,Morgan Jones
4571351549140187,909,02/23,11/28,Morgan Wilson
4929252134950559186,818,11/23,07/28,Sam Miller
4185240415267030364,480,07/23,06/28,Jordan Wilson
5515717504158546,318,01/23,04/28,Alex Davis
4571581509916580,553,08/23,08/28,Morgan Moore
5543906806792068,423,09/23,07/28,Pat Miller
4571117145711172,547,06/23,08/28,Chris Williams
4571211828025096,467,10/23,06/28,Jane Taylor
5470748965208514,645,09/23,06/28,Jamie Miller
4571564745715648,183,08/23,10/28,Jamie Miller
4517482162118995168,724,02/23,06/28,Sam Wilson
4571034226332598,463,01/23,01/28,Jamie Taylor
372816395522635,7395,05/23,07/28,Chris Davis
4571933818218714,313,01/23,03/28,John Smith
4731370694954249458,036,01/23,05/28,Jamie Smith
4571135245711353,636,08/23,01/28,Taylor Miller
4571345314653627,327,08/23,09/28,Taylor Taylor
4571346201961787,094,01/23,11/28,Jane Smith
5400418347290334647,356,03/23,11/28,Sam Taylor
4731570186447254402,523,10/23,03/28,Jamie Jones
4571953662409877,244,04/23,11/28,Pat Taylor
4571551660391515,883,11/23,01/28,Pat Johnson
5526154714212363,177,01/23,10/28,John Johnson
4571559404009542,698,10/23,11/28,Jamie Jones
4571784358799884,514,10/23,04/28,Jamie Smith
4571941243235519,907,05/23,10/28,John Brown
4450048288038120,655,05/23,07/28,Sam Johnson
4571225639640451,438,04/23,05/28,Chris Miller
4571937413778375,154,02/23,06/28,Morgan Taylor
4571228606492464,523,09/23,06/28,Chris Williams
378360832725195,1430,07/23,03/28,Alex Williams
372583341774748,0787,02/23,09/28,John Moore
4418113748526269257,821,09/23,01/28,Jordan Smith
5493908207638165916,216,07/23,02/28,Alex Miller
376728659269634,2268,11/23,08/28,Pat Davis
5513369235016736,694,05/23,04/28,Jordan Johnson
